date,policy_uncertainty_us,financial_conditions_us,broad_us_dollar,brent_europe_usd,weekly_economic_activity_us
2021-09-21,196.08,,113.8179,73.65,
2021-09-22,98.64,,113.6223,75.5,
2021-09-23,79.1,,113.513,76.44,
2021-09-24,86.86,-0.654,113.7597,77.42,
2021-09-25,82.85,,,,6.65
2021-09-26,108.75,,,,
2021-09-27,243.51,,113.7432,78.85,
2021-09-28,126.3,,114.2469,78.3,
2021-09-29,104.63,,114.7092,77.86,
2021-09-30,142.53,,114.6403,77.81,
2021-10-01,88.83,-0.654,114.3798,79.4,
2021-10-02,100.28,,,,6.68
2021-10-03,166.17,,,,
2021-10-04,148.03,,114.2739,81.44,
2021-10-05,97.14,,114.3654,82.72,
2021-10-06,145.53,,114.7185,81.39,
2021-10-07,100.93,,114.5044,82.34,
2021-10-08,96.69,-0.652,114.5986,82.17,
2021-10-09,248.61,,,,6.11
2021-10-10,122.3,,,,
2021-10-11,85.57,,,83.75,
2021-10-12,90.52,,114.7542,83.53,
2021-10-13,111.12,,114.4705,83.53,
2021-10-14,94.34,,114.2053,83.86,
2021-10-15,65.19,-0.646,114.0905,84.67,
2021-10-16,86.82,,,,6.55
2021-10-17,238.11,,,,
2021-10-18,159.77,,113.9899,84.13,
2021-10-19,73.95,,113.647,85.02,
2021-10-20,59.85,,113.5083,85.76,
2021-10-21,69.73,,113.6188,84.58,
2021-10-22,101.73,-0.636,113.67,85.43,
2021-10-23,69.32,,,,5.58
2021-10-24,185.92,,,,
2021-10-25,102.62,,113.605,84.85,
2021-10-26,99.45,,113.674,85.11,
2021-10-27,63.73,,113.6218,84.12,
2021-10-28,90.49,,113.4389,83.4,
2021-10-29,77.35,-0.622,114.1349,83.1,
2021-10-30,61.28,,,,5.94
2021-10-31,97.73,,,,
2021-11-01,136.17,,114.2067,84.51,
2021-11-02,110.75,,114.2847,84.42,
2021-11-03,188.57,,114.3593,81.1,
2021-11-04,156.8,,114.3558,80.15,
2021-11-05,211.53,-0.604,114.0732,82.43,
2021-11-06,205.66,,,,5.48
2021-11-07,264.34,,,,
2021-11-08,363.38,,113.8256,83.22,
2021-11-09,149.84,,113.762,84.52,
2021-11-10,39,,114.1484,82.91,
2021-11-11,65.66,,,83.4,
2021-11-12,202.74,-0.585,114.5144,82.9,
2021-11-13,79.21,,,,5.45
2021-11-14,173.41,,,,
2021-11-15,107.9,,114.5876,81.94,
2021-11-16,112.32,,115.136,82.85,
2021-11-17,114.88,,115.0263,80.67,
2021-11-18,141.8,,115.0678,82.45,
2021-11-19,120.37,-0.567,115.2187,80.24,
2021-11-20,192.7,,,,5.86
2021-11-21,87.77,,,,
2021-11-22,92.12,,115.6481,80.97,
2021-11-23,98.64,,116.0118,83.43,
2021-11-24,131.12,,116.2711,82.37,
2021-11-25,58.34,,,82.05,
2021-11-26,57.97,-0.552,116.5103,72.37,
2021-11-27,44.45,,,,6.44
2021-11-28,126.1,,,,
2021-11-29,103.8,,116.581,73.34,
2021-11-30,117.24,,116.2071,70.86,
2021-12-01,108.42,,115.889,69.53,
2021-12-02,90.4,,116.018,70.56,
2021-12-03,219.57,-0.541,116.2377,70.71,
2021-12-04,169.9,,,,5.72
2021-12-05,173.55,,,,
2021-12-06,90.05,,116.1538,73.38,
2021-12-07,121.78,,115.8555,75.54,
2021-12-08,94.23,,115.4418,75.94,
2021-12-09,59.47,,115.7784,74.1,
2021-12-10,78.93,-0.539,115.5732,74.98,
2021-12-11,84.96,,,,6.22
2021-12-12,184.54,,,,
2021-12-13,214.47,,115.842,74.12,
2021-12-14,76.16,,116.2397,73.37,
2021-12-15,103.8,,116.4219,73.71,
2021-12-16,152.15,,115.7146,74.64,
2021-12-17,130.93,-0.541,115.791,72.97,
2021-12-18,111.46,,,,5.48
2021-12-19,185.69,,,,
2021-12-20,118.72,,116.0092,70.51,
2021-12-21,164.17,,116.1089,72.85,
2021-12-22,130.79,,115.7485,74.69,
2021-12-23,171.54,,115.5337,76.26,
2021-12-24,98.9,-0.548,,75.24,
2021-12-25,203.29,,,,6.36
2021-12-26,271.9,,,,
2021-12-27,179.41,,115.4684,,
2021-12-28,113.84,,115.4192,,
2021-12-29,84.18,,115.3678,78.63,
2021-12-30,131.66,,115.283,78.61,
2021-12-31,132.09,-0.557,,77.24,
2022-01-01,169.59,,,,5.55
2022-01-02,157.01,,,,
2022-01-03,146.6,,115.4101,78.25,
2022-01-04,192.08,,115.3103,79.39,
2022-01-05,111.08,,115.137,80.6,
2022-01-06,235.1,,115.4046,81.99,
2022-01-07,57.41,-0.562,115.0451,82.28,
2022-01-08,139.45,,,,4.6
2022-01-09,115.26,,,,
2022-01-10,120.25,,115.2216,81.56,
2022-01-11,77.55,,114.8332,84.98,
2022-01-12,91.97,,114.355,85.83,
2022-01-13,57.28,,114.177,85.8,
2022-01-14,73.63,-0.562,114.3825,87.17,
2022-01-15,169.9,,,,4.93
2022-01-16,507.73,,,,
2022-01-17,174.94,,,87.82,
2022-01-18,77,,114.7373,88.83,
2022-01-19,71.25,,114.6109,89.64,
2022-01-20,72.93,,114.4642,89.75,
2022-01-21,126.04,-0.556,114.6125,89.75,
2022-01-22,52.51,,,,5.04
2022-01-23,122.72,,,,
2022-01-24,273.48,,115.2034,87.74,
2022-01-25,190.88,,115.1654,89.49,
2022-01-26,146.78,,115.0922,91.22,
2022-01-27,164.89,,115.978,90.7,
2022-01-28,129.34,-0.542,116.0393,91.47,
2022-01-29,126.32,,,,5.42
2022-01-30,179.99,,,,
2022-01-31,184.81,,115.566,92.35,
2022-02-01,143.53,,115.3685,90.24,
2022-02-02,101.01,,115.1538,91.43,
2022-02-03,93.56,,114.9065,92.99,
2022-02-04,171.57,-0.523,115.1362,96.86,
2022-02-05,111.26,,,,5.23
2022-02-06,121.68,,,,
2022-02-07,97.27,,115.0098,97.28,
2022-02-08,115.82,,115.0892,96.07,
2022-02-09,83.48,,114.8232,94.95,
2022-02-10,84.38,,114.5527,96.37,
2022-02-11,67.68,-0.498,114.8413,97.5,
2022-02-12,85.27,,,,5.12
2022-02-13,155.44,,,,
2022-02-14,201.81,,115.1946,101.66,
2022-02-15,109.46,,114.93,98.43,
2022-02-16,73.91,,114.6886,97.44,
2022-02-17,107.1,,114.6755,95.28,
2022-02-18,180.25,-0.468,114.7982,96.18,
2022-02-19,139.8,,,,6.23
2022-02-20,133.87,,,,
2022-02-21,114.2,,,98.95,
2022-02-22,180.27,,114.7002,98.73,
2022-02-23,89.64,,114.6668,99.29,
2022-02-24,156.68,,115.9419,101.29,
2022-02-25,161.59,-0.439,115.2577,98.56,
2022-02-26,175.73,,,,5.2
2022-02-27,160.39,,,,
2022-02-28,167.06,,115.2224,103.08,
2022-03-01,188.05,,115.7962,110.93,
2022-03-02,134.88,,115.7623,118.94,
2022-03-03,204.82,,115.9495,115.36,
2022-03-04,219.09,-0.412,116.6503,123.86,
2022-03-05,212.98,,,,4.77
2022-03-06,142.22,,,,
2022-03-07,164.7,,117.3278,129.02,
2022-03-08,165.06,,117.6176,133.18,
2022-03-09,142.59,,116.5961,116.58,
2022-03-10,150.53,,116.7401,114.54,
2022-03-11,232.96,-0.391,117.0192,118.11,
2022-03-12,174.06,,,,4.72
2022-03-13,352.88,,,,
2022-03-14,222.54,,117.1506,110.39,
2022-03-15,154.33,,117.246,105.14,
2022-03-16,216.66,,116.8073,104.61,
2022-03-17,137.82,,116.0467,113.5,
2022-03-18,171.27,-0.379,116.1378,114.32,
2022-03-19,100.89,,,,4.91
2022-03-20,161.71,,,,
2022-03-21,239.83,,115.9398,122.29,
2022-03-22,137.53,,116.0824,121.53,
2022-03-23,116.56,,116.005,127.52,
2022-03-24,128.23,,115.9599,123.98,
2022-03-25,209.01,-0.373,115.7921,122.67,
2022-03-26,204.08,,,,4.43
2022-03-27,396.7,,,,
2022-03-28,322.1,,116.1911,114.5,
2022-03-29,193.93,,115.5679,112.79,
2022-03-30,105.19,,115.0818,115.59,
2022-03-31,81.85,,115.2218,107.29,
2022-04-01,114.29,-0.371,115.4814,106.13,
2022-04-02,160.34,,,,4.71
2022-04-03,65.82,,,,
2022-04-04,115.67,,115.4112,108.15,
2022-04-05,126.89,,115.73,106.6,
2022-04-06,168.21,,115.9995,100.81,
2022-04-07,171.04,,116.3512,99.83,
2022-04-08,124.74,-0.368,116.4176,101.26,
2022-04-09,92.39,,,,4.43
2022-04-10,324.04,,,,
2022-04-11,241.25,,116.5401,97.92,
2022-04-12,103.12,,116.3866,104.42,
2022-04-13,90.43,,116.2796,108.49,
2022-04-14,142.29,,116.7558,110.83,
2022-04-15,98.36,-0.361,116.7017,,
2022-04-16,85.21,,,,4.45
2022-04-17,105.38,,,,
2022-04-18,93.03,,116.8441,,
2022-04-19,276.08,,117.1324,105.49,
2022-04-20,95.07,,116.7306,105.05,
2022-04-21,89.05,,117.1432,107.2,
2022-04-22,148.56,-0.351,118.0186,105.15,
2022-04-23,112.1,,,,4.37
2022-04-24,131.87,,,,
2022-04-25,126.9,,118.6271,99.27,
2022-04-26,130.06,,118.9624,102.89,
2022-04-27,69.39,,119.4708,103.3,
2022-04-28,80.21,,120.0675,105.78,
2022-04-29,126.12,-0.336,119.4933,108.36,
2022-04-30,281.5,,,,4.47
2022-05-01,150.39,,,,
2022-05-02,99.33,,119.8825,,
2022-05-03,103.64,,119.7043,104.94,
2022-05-04,123.78,,119.5592,110.53,
2022-05-05,87.92,,120.0068,112.11,
2022-05-06,212.5,-0.319,119.8577,113.86,
2022-05-07,108.42,,,,4.36
2022-05-08,307.96,,,,
2022-05-09,97.81,,120.4972,106.67,
2022-05-10,135.75,,120.7742,102.61,
2022-05-11,102.02,,120.3925,107.7,
2022-05-12,144.73,,121.2796,108.06,
2022-05-13,140,-0.3,120.8442,112.12,
2022-05-14,130.88,,,,4.26
2022-05-15,184.23,,,,
2022-05-16,124.37,,120.6881,114.86,
2022-05-17,101.23,,119.8871,112.89,
2022-05-18,97.83,,120.0274,110.04,
2022-05-19,157.59,,119.4278,113.22,
2022-05-20,185.12,-0.281,119.3677,113.63,
2022-05-21,157.27,,,,3.67
2022-05-22,247.4,,,,
2022-05-23,135.77,,118.7169,115.13,
2022-05-24,135.79,,118.6245,115.77,
2022-05-25,100.89,,118.9598,116.41,
2022-05-26,132.56,,118.7687,119.81,
2022-05-27,145.02,-0.259,118.2834,121.19,
2022-05-28,61.72,,,,3.62
2022-05-29,79.32,,,,
2022-05-30,82.99,,,123.01,
2022-05-31,72.9,,118.0704,125.53,
2022-06-01,161.66,,118.6954,122.2,
2022-06-02,144.13,,118.0658,,
2022-06-03,163.85,-0.236,118.2153,125.68,
2022-06-04,88.7,,,,3.96
2022-06-05,139.95,,,,
2022-06-06,127.27,,118.3081,124.99,
2022-06-07,167.65,,118.4414,126.89,
2022-06-08,110.13,,118.3951,129.2,
2022-06-09,112.11,,118.9226,128.47,
2022-06-10,93.65,-0.211,119.9981,127.44,
2022-06-11,80.16,,,,2.92
2022-06-12,124.32,,,,
2022-06-13,95.37,,121.1523,128.44,
2022-06-14,120.62,,121.6669,127.02,
2022-06-15,140.82,,121.6403,124.96,
2022-06-16,189.54,,120.6714,125.78,
2022-06-17,108.29,-0.188,121.2369,119.22,
2022-06-18,143.96,,,,3.38
2022-06-19,184.49,,,,
2022-06-20,165.42,,,118.25,
2022-06-21,140.11,,120.6427,118.51,
2022-06-22,96.97,,120.5197,115.54,
2022-06-23,96.96,,120.7622,114.5,
2022-06-24,111.86,-0.172,120.4853,117.36,
2022-06-25,91.56,,,,3.12
2022-06-26,239.87,,,,
2022-06-27,140.94,,120.1736,119.69,
2022-06-28,129.96,,120.62,122.21,
2022-06-29,135.33,,120.9616,120.8,
2022-06-30,158.37,,120.9652,119.78,
2022-07-01,177.73,-0.166,121.5058,119.21,
2022-07-02,130.95,,,,3.53
2022-07-03,135.95,,,,
2022-07-04,309.83,,,121.8,
2022-07-05,116.59,,122.6203,110.49,
2022-07-06,91.52,,123.0073,108.54,
2022-07-07,93.67,,122.7257,113.4,
2022-07-08,104.33,-0.169,122.4662,113.95,
2022-07-09,104.17,,,,3.01
2022-07-10,210.3,,,,
2022-07-11,200.3,,123.2974,114.85,
2022-07-12,126.67,,123.4524,106.98,
2022-07-13,52.82,,123.2834,107.17,
2022-07-14,203.03,,124.0622,107.74,
2022-07-15,210.77,-0.182,123.4765,112.26,
2022-07-16,214.9,,,,3.33
2022-07-17,195.72,,,,
2022-07-18,182.94,,122.7727,117.27,
2022-07-19,177.18,,122.4819,114.96,
2022-07-20,113.33,,122.5997,115.86,
2022-07-21,132.76,,122.9032,112.81,
2022-07-22,138.82,-0.201,122.451,106.77,
2022-07-23,100.99,,,,3.45
2022-07-24,209.57,,,,
2022-07-25,120.62,,122.4594,108.23,
2022-07-26,94.68,,122.7581,107.32,
2022-07-27,181.99,,122.8169,109.64,
2022-07-28,111,,122.1161,109.68,
2022-07-29,130.23,-0.219,121.7678,111.51,
2022-07-30,61.72,,,,3.26
2022-07-31,118.84,,,,
2022-08-01,141.32,,121.4109,106.09,
2022-08-02,96.66,,121.9486,106.51,
2022-08-03,115.69,,122.3888,101.82,
2022-08-04,78.43,,121.8333,97.99,
2022-08-05,107.43,-0.232,122.321,100.31,
2022-08-06,265.44,,,,3.46
2022-08-07,187.1,,,,
2022-08-08,227.88,,121.8783,103.46,
2022-08-09,189.05,,121.8614,103.81,
2022-08-10,84.3,,120.7543,105.06,
2022-08-11,99.36,,120.7163,107.19,
2022-08-12,48.55,-0.24,121.018,103.7,
2022-08-13,112.14,,,,3.29
2022-08-14,95.08,,,,
2022-08-15,145.63,,121.4315,98.25,
2022-08-16,103.94,,121.6807,95.36,
2022-08-17,75.77,,122.0711,97.22,
2022-08-18,92.67,,122.3627,96.35,
2022-08-19,98.49,-0.237,123.0501,96.45,
2022-08-20,49.35,,,,3.18
2022-08-21,149.65,,,,
2022-08-22,169.02,,123.605,95.06,
2022-08-23,93.31,,123.0547,99.49,
2022-08-24,137.29,,123.109,99.87,
2022-08-25,66.37,,123.0586,98.81,
2022-08-26,121.88,-0.225,123.0656,101.13,
2022-08-27,96.29,,,,2.9
2022-08-28,138.76,,,,
2022-08-29,97.52,,123.4686,,
2022-08-30,83.23,,123.6848,99.34,
2022-08-31,126.46,,123.535,96.55,
2022-09-01,75.93,,124.4006,92.24,
2022-09-02,65.23,-0.204,123.7743,93.09,
2022-09-03,65.72,,,,3.13
2022-09-04,95.37,,,,
2022-09-05,158.69,,,94.22,
2022-09-06,91.55,,124.767,91.43,
2022-09-07,87.66,,124.8408,86.83,
2022-09-08,47.62,,124.578,87.99,
2022-09-09,66.03,-0.178,123.7874,91.68,
2022-09-10,64.78,,,,2.93
2022-09-11,141.95,,,,
2022-09-12,162.37,,123.3332,93.45,
2022-09-13,95.35,,124.4242,92.04,
2022-09-14,116.73,,124.4509,92.83,
2022-09-15,118.58,,124.8843,89.28,
2022-09-16,123.3,-0.151,124.8794,89.43,
2022-09-17,125.98,,,,2.21
2022-09-18,131.17,,,,
2022-09-19,65.09,,125.0104,,
2022-09-20,78.61,,125.1248,89.62,
2022-09-21,70.88,,125.7399,89.86,
2022-09-22,139.2,,126.1667,90.4,
2022-09-23,133.87,-0.126,127.2853,84.29,
2022-09-24,114.37,,,,3.03
2022-09-25,127.96,,,,
2022-09-26,85.96,,128.4539,82.55,
2022-09-27,194.98,,128.4386,85.97,
2022-09-28,155.79,,128.0884,89.55,
2022-09-29,93.12,,127.5437,89.41,
2022-09-30,192.84,-0.107,127.5148,88.9,
2022-10-01,101.92,,,,2.57
2022-10-02,296.28,,,,
2022-10-03,146.03,,127.0813,90.68,
2022-10-04,148.79,,126.1819,93.74,
2022-10-05,153.24,,126.8616,94.35,
2022-10-06,168.97,,127.2493,95.65,
2022-10-07,139.82,-0.099,127.3111,98.88,
2022-10-08,100.81,,,,2.22
2022-10-09,128.12,,,,
2022-10-10,181.4,,,97.13,
2022-10-11,155.85,,127.6641,95.17,
2022-10-12,186.85,,128.1481,93.44,
2022-10-13,169.02,,127.7286,95.16,
2022-10-14,180.93,-0.1,128.3325,92.22,
2022-10-15,120.4,,,,2.17
2022-10-16,208.79,,,,
2022-10-17,129.16,,127.6448,91.04,
2022-10-18,73.35,,127.9153,89.46,
2022-10-19,70.66,,128.3968,91.34,
2022-10-20,78.35,,128.0052,91.52,
2022-10-21,107.34,-0.11,127.6735,91.82,
2022-10-22,72.32,,,,2.58
2022-10-23,140.06,,,,
2022-10-24,168.29,,128.0304,91.57,
2022-10-25,104.95,,127.3771,91.76,
2022-10-26,84.81,,126.4723,92.93,
2022-10-27,150.79,,126.7028,94.17,
2022-10-28,204.29,-0.125,127.2135,94.64,
2022-10-29,87.03,,,,2.61
2022-10-30,114.98,,,,
2022-10-31,161.13,,127.6219,93.3,
2022-11-01,127.48,,127.3987,95.12,
2022-11-02,98.2,,127.3115,96.07,
2022-11-03,140.73,,128.1743,95.29,
2022-11-04,122.07,-0.142,127.1468,99.53,
2022-11-05,66.38,,,,2.39
2022-11-06,116.64,,,,
2022-11-07,245.52,,126.3062,99.87,
2022-11-08,123.6,,125.633,96.85,
2022-11-09,146.6,,125.9861,93.05,
2022-11-10,119.57,,124.7044,94.25,
2022-11-11,183.98,-0.159,,96.37,
2022-11-12,198.23,,,,1.99
2022-11-13,228.73,,,,
2022-11-14,215.52,,123.4277,93.59,
2022-11-15,95.09,,123.039,94.3,
2022-11-16,107.83,,123.2817,92.61,
2022-11-17,91.22,,123.977,91,
2022-11-18,133.39,-0.172,123.8524,88.93,
2022-11-19,110.6,,,,1.66
2022-11-20,255.53,,,,
2022-11-21,122.23,,124.7009,88.44,
2022-11-22,125.51,,124.2365,88.65,
2022-11-23,183.38,,123.7574,85.9,
2022-11-24,226.25,,,85.59,
2022-11-25,189.26,-0.18,123.3386,83.4,
2022-11-26,119.31,,,,1.92
2022-11-27,173.32,,,,
2022-11-28,183.05,,123.6032,83.5,
2022-11-29,90.52,,123.6615,83.22,
2022-11-30,89.9,,123.5175,85.61,
2022-12-01,177.11,,122.0045,86.28,
2022-12-02,48.03,-0.185,122.0102,86.54,
2022-12-03,83.3,,,,1.59
2022-12-04,339.06,,,,
2022-12-05,187.14,,122.6384,83.36,
2022-12-06,105.68,,123.0191,79.92,
2022-12-07,151.37,,122.7608,77.11,
2022-12-08,81.81,,122.4152,76.02,
2022-12-09,114.31,-0.189,122.4201,76.37,
2022-12-10,61,,,,1.06
2022-12-11,223.06,,,,
2022-12-12,169.7,,122.7714,78,
2022-12-13,122.35,,121.8493,80.14,
2022-12-14,120.9,,121.8226,83.33,
2022-12-15,114.95,,122.5519,82.34,
2022-12-16,99.07,-0.195,122.6505,80.2,
2022-12-17,84.76,,,,1.82
2022-12-18,103.12,,,,
2022-12-19,87.27,,122.5275,81.66,
2022-12-20,72.84,,122.1357,79.45,
2022-12-21,147.63,,122.2828,80.25,
2022-12-22,98.69,,122.2419,79.58,
2022-12-23,84.14,-0.206,121.9743,82.45,
2022-12-24,73.31,,,,2.22
2022-12-25,343.59,,,,
2022-12-26,170.29,,,,
2022-12-27,69.63,,121.7539,,
2022-12-28,85.9,,122.0075,81.7,
2022-12-29,123.69,,121.6577,80.96,
2022-12-30,199.3,-0.223,121.4256,82.82,
2022-12-31,162.78,,,,1.75
2023-01-01,433.38,,,,
2023-01-02,185.33,,,,
2023-01-03,117.51,,122.0905,80.36,
2023-01-04,114.2,,121.5008,75.31,
2023-01-05,176.01,,122.1017,76.73,
2023-01-06,158.88,-0.245,121.0852,76.41,
2023-01-07,168.63,,,,1.23
2023-01-08,204.85,,,,
2023-01-09,152.46,,120.1508,77.5,
2023-01-10,386.4,,120.2483,78.4,
2023-01-11,363.54,,120.1614,81.11,
2023-01-12,189.12,,119.4218,82.59,
2023-01-13,141.9,-0.269,119.1673,83.43,
2023-01-14,176.67,,,,1.38
2023-01-15,261.68,,,,
2023-01-16,166.4,,,82.65,
2023-01-17,73.48,,119.2121,84.38,
2023-01-18,310.22,,119.0755,83.78,
2023-01-19,106.09,,119.6107,85.08,
2023-01-20,119.89,-0.29,119.3486,86.96,
2023-01-21,89.56,,,,1.25
2023-01-22,258.78,,,,
2023-01-23,326.16,,119.1434,87.54,
2023-01-24,123.28,,119.0958,85.25,
2023-01-25,113.38,,118.9686,85.08,
2023-01-26,72.53,,119.021,86.29,
2023-01-27,110.89,-0.307,118.9223,85.36,
2023-01-28,114.2,,,,1.5
2023-01-29,225.17,,,,
2023-01-30,190.98,,118.8953,84.9,
2023-01-31,158.19,,118.9802,83.42,
2023-02-01,137.21,,118.6259,81.61,
2023-02-02,116.99,,118.3421,80.57,
2023-02-03,115.81,-0.314,119.5095,78.85,
2023-02-04,99.82,,,,1.37
2023-02-05,90.75,,,,
2023-02-06,219.03,,120.541,80.48,
2023-02-07,190.34,,120.3475,82.92,
2023-02-08,139.63,,120.1436,84.17,
2023-02-09,129.06,,119.9781,83.46,
2023-02-10,99.82,-0.31,120.1419,85.46,
2023-02-11,118.66,,,,1.28
2023-02-12,54.4,,,,
2023-02-13,70.05,,119.9828,85.98,
2023-02-14,105.73,,119.9229,84.96,
2023-02-15,200.6,,120.4557,84.11,
2023-02-16,223.17,,120.4651,83.84,
2023-02-17,97.82,-0.295,120.5526,81.97,
2023-02-18,153.22,,,,1.42
2023-02-19,101.26,,,,
2023-02-20,88.82,,,82.79,
2023-02-21,68.9,,120.6256,82.14,
2023-02-22,140.33,,120.8389,79.55,
2023-02-23,188.33,,121.0896,82.08,
2023-02-24,82.35,-0.27,121.5681,82.31,
2023-02-25,57.93,,,,1.44
2023-02-26,78.14,,,,
2023-02-27,130.62,,121.3941,81.24,
2023-02-28,88.38,,121.3341,83.21,
2023-03-01,79.33,,120.6347,83.68,
2023-03-02,158.83,,121.1302,84.15,
2023-03-03,90.05,-0.239,120.7742,85.74,
2023-03-04,109.74,,,,1.08
2023-03-05,120.29,,,,
2023-03-06,88.74,,120.485,85.86,
2023-03-07,97.28,,121.4623,83.03,
2023-03-08,71.68,,121.4511,82.1,
2023-03-09,99.01,,121.4458,81,
2023-03-10,167.33,-0.207,121.2421,82.3,
2023-03-11,111.64,,,,1.29
2023-03-12,63.42,,,,
2023-03-13,226.43,,120.8897,79.67,
2023-03-14,246.38,,121.0141,76.77,
2023-03-15,165.53,,122.1079,74.3,
2023-03-16,191.67,,121.7221,73.12,
2023-03-17,236.53,-0.175,121.5643,71.03,
2023-03-18,80.16,,,,1.38
2023-03-19,213.92,,,,
2023-03-20,158.68,,121.0141,72.42,
2023-03-21,102.69,,120.8958,74.78,
2023-03-22,215.3,,120.6217,76.08,
2023-03-23,190,,119.7587,74.31,
2023-03-24,163.72,-0.157,120.4598,73.63,
2023-03-25,132.95,,,,1.73
2023-03-26,153.05,,,,
2023-03-27,141.81,,120.2541,76.8,
2023-03-28,117.77,,119.7138,78.07,
2023-03-29,127.01,,119.7258,77.51,
2023-03-30,82.78,,119.4078,78.45,
2023-03-31,144.99,-0.152,119.3602,79.19,
2023-04-01,118.19,,,,1.89
2023-04-02,407.69,,,,
2023-04-03,150.38,,119.3204,85.81,
2023-04-04,154.53,,119.142,85.7,
2023-04-05,108.51,,119.2953,85.89,
2023-04-06,40.4,,119.3072,86.56,
2023-04-07,65.4,-0.155,119.3547,,
2023-04-08,124.42,,,,1.3
2023-04-09,210.2,,,,
2023-04-10,116.65,,119.7948,,
2023-04-11,155.38,,119.5248,87.32,
2023-04-12,109.82,,119.003,88.31,
2023-04-13,258.05,,118.3915,86.51,
2023-04-14,38.2,-0.166,118.8567,87.31,
2023-04-15,50.4,,,,1.14
2023-04-16,279.06,,,,
2023-04-17,51.34,,119.2787,85.63,
2023-04-18,186.52,,119.1049,85.48,
2023-04-19,128.99,,119.303,85.34,
2023-04-20,98.98,,119.1199,83.29,
2023-04-21,118.21,-0.179,119.3117,83.36,
2023-04-22,113.76,,,,1.4
2023-04-23,127.64,,,,
2023-04-24,149.57,,119.2039,84.23,
2023-04-25,111.25,,119.613,82.13,
2023-04-26,135.07,,119.3228,79.19,
2023-04-27,157.01,,119.4298,80.11,
2023-04-28,94.05,-0.19,119.2248,81.32,
2023-04-29,93.97,,,,1.2
2023-04-30,209.08,,,,
2023-05-01,435.03,,119.4435,,
2023-05-02,249.56,,119.6105,76.71,
2023-05-03,139.92,,119.1233,72.91,
2023-05-04,105,,119.0465,73,
2023-05-05,100.93,-0.199,118.5548,75.85,
2023-05-06,87.09,,,,1.38
2023-05-07,152.42,,,,
2023-05-08,311.34,,118.5759,,
2023-05-09,163.06,,118.8239,77.76,
2023-05-10,69.51,,118.5864,76.7,
2023-05-11,155.22,,119.0303,75.32,
2023-05-12,190.28,-0.206,119.3671,74.54,
2023-05-13,250.04,,,,1.07
2023-05-14,189.55,,,,
2023-05-15,99.1,,119.1608,75.46,
2023-05-16,67.14,,119.1743,75.15,
2023-05-17,113.54,,119.607,76.98,
2023-05-18,210.79,,120.0886,75.75,
2023-05-19,111.5,-0.211,119.7751,75.42,
2023-05-20,206.6,,,,1.4
2023-05-21,328.45,,,,
2023-05-22,398.71,,120.0875,75.77,
2023-05-23,156.99,,120.3204,76.66,
2023-05-24,301.54,,120.4752,77.99,
2023-05-25,237.84,,120.8413,75.66,
2023-05-26,220.29,-0.213,120.6304,76.33,
2023-05-27,154.91,,,,1.2
2023-05-28,241.49,,,,
2023-05-29,80.39,,,,
2023-05-30,111.1,,120.5546,73.38,
2023-05-31,264.79,,120.9662,71.98,
2023-06-01,108.62,,120.0491,74.18,
2023-06-02,96.48,-0.215,120.0049,76,
2023-06-03,63.27,,,,1.21
2023-06-04,150.73,,,,
2023-06-05,133.01,,120.0048,76.61,
2023-06-06,62.63,,119.9718,76.22,
2023-06-07,119,,119.859,76.85,
2023-06-08,96.83,,119.5712,75.88,
2023-06-09,58.14,-0.216,119.4322,74.74,
2023-06-10,64.39,,,,1.21
2023-06-11,90.27,,,,
2023-06-12,204.38,,119.6376,71.8,
2023-06-13,110.96,,119.1899,74.24,
2023-06-14,147.42,,118.776,73.39,
2023-06-15,71,,118.5521,75.75,
2023-06-16,56.58,-0.218,118.4184,76.76,
2023-06-17,61.35,,,,1.43
2023-06-18,126.36,,,,
2023-06-19,277.07,,,76.09,
2023-06-20,213.08,,118.938,75.79,
2023-06-21,65.39,,118.727,76.92,
2023-06-22,72.75,,118.7552,73.93,
2023-06-23,74.02,-0.222,119.152,73.56,
2023-06-24,161,,,,1.52
2023-06-25,340.25,,,,
2023-06-26,150.9,,119.0761,73.86,
2023-06-27,127.96,,118.8949,71.88,
2023-06-28,152.99,,119.3382,73.64,
2023-06-29,117.91,,119.527,73.86,
2023-06-30,96.85,-0.228,119.3606,74.51,
2023-07-01,86.8,,,,1.4
2023-07-02,123.9,,,,
2023-07-03,65.32,,119.2119,74.52,
2023-07-04,60.81,,,76.23,
2023-07-05,137.28,,119.3483,76.74,
2023-07-06,40.77,,119.8193,76.72,
2023-07-07,93.53,-0.236,119.0761,78.77,
2023-07-08,139.58,,,,1.44
2023-07-09,71.88,,,,
2023-07-10,39.18,,118.9548,77.83,
2023-07-11,37.82,,118.7344,79.54,
2023-07-12,89.22,,117.6385,80.35,
2023-07-13,75.95,,117.1831,81.31,
2023-07-14,206.65,-0.249,117.0463,79.9,
2023-07-15,53.17,,,,1.64
2023-07-16,79.3,,,,
2023-07-17,155.95,,117.1267,77.8,
2023-07-18,104.21,,117.0264,79.54,
2023-07-19,37.11,,117.3462,79.38,
2023-07-20,260.18,,117.5947,79.62,
2023-07-21,80.78,-0.264,117.9418,81.06,
2023-07-22,81.81,,,,1.32
2023-07-23,142.45,,,,
2023-07-24,105.67,,117.8124,82.53,
2023-07-25,37.76,,117.8565,83.46,
2023-07-26,220.51,,117.76,82.98,
2023-07-27,95.33,,117.8938,84.28,
2023-07-28,82.35,-0.28,117.788,84.49,
2023-07-29,108.35,,,,1.87
2023-07-30,156.43,,,,
2023-07-31,81.19,,117.8241,85.22,
2023-08-01,151.79,,118.5738,85.34,
2023-08-02,121.59,,119.1268,84.01,
2023-08-03,62.21,,119.3963,86.19,
2023-08-04,60.58,-0.297,118.821,87.38,
2023-08-05,52.64,,,,1.56
2023-08-06,85.29,,,,
2023-08-07,59.3,,119.0809,86.47,
2023-08-08,49.89,,119.6407,88,
2023-08-09,77.25,,119.476,89.31,
2023-08-10,46.74,,119.1581,87.44,
2023-08-11,170.3,-0.313,119.6268,87.93,
2023-08-12,73.28,,,,1.23
2023-08-13,64.02,,,,
2023-08-14,236.53,,120.0725,87.4,
2023-08-15,53.33,,120.2127,86.28,
2023-08-16,128.55,,120.3551,84.49,
2023-08-17,101.81,,120.5242,85.24,
2023-08-18,36.93,-0.325,120.4321,85.92,
2023-08-19,59.85,,,,1.92
2023-08-20,141.46,,,,
2023-08-21,130.14,,120.4627,85.44,
2023-08-22,52.69,,120.3554,84.7,
2023-08-23,141.21,,120.0307,83.94,
2023-08-24,76.47,,120.2354,84.07,
2023-08-25,137.35,-0.334,120.5137,85.42,
2023-08-26,172.14,,,,1.99
2023-08-27,109.45,,,,
2023-08-28,70.13,,120.3155,,
2023-08-29,69.2,,120.2669,86.37,
2023-08-30,66.94,,119.7937,86.62,
2023-08-31,167.14,,120.225,87.29,
2023-09-01,57.38,-0.339,120.759,89.98,
2023-09-02,141.49,,,,1.9
2023-09-03,180.96,,,,
2023-09-04,41.29,,,90.42,
2023-09-05,66.39,,121.4345,91.25,
2023-09-06,41.02,,121.8671,91.79,
2023-09-07,95.66,,121.9528,91.16,
2023-09-08,37.05,-0.339,121.9475,91.85,
2023-09-09,65.78,,,,2.07
2023-09-10,70.26,,,,
2023-09-11,82.18,,121.3386,91.97,
2023-09-12,99.71,,121.2913,93.58,
2023-09-13,132.91,,121.0549,93.04,
2023-09-14,111.69,,121.2395,95.2,
2023-09-15,63.69,-0.334,121.199,95.55,
2023-09-16,29.01,,,,2.39
2023-09-17,132.64,,,,
2023-09-18,63.82,,121.1938,95.95,
2023-09-19,146.72,,121.1645,96.11,
2023-09-20,82.86,,120.9648,94.56,
2023-09-21,106.49,,121.5528,93.7,
2023-09-22,42.8,-0.325,121.5306,93.99,
2023-09-23,52.98,,,,1.69
2023-09-24,62.13,,,,
2023-09-25,14.69,,122.1143,94.01,
2023-09-26,143.47,,122.4742,94.46,
2023-09-27,150.04,,122.9895,97.1,
2023-09-28,111.89,,122.5342,96.64,
2023-09-29,136.08,-0.313,122.3077,95.86,
2023-09-30,113.8,,,,1.81
2023-10-01,143.15,,,,
2023-10-02,77.03,,123.0545,91.21,
2023-10-03,100.4,,123.7848,94.46,
2023-10-04,181.95,,123.5946,89.83,
2023-10-05,47.99,,123.8993,88.28,
2023-10-06,95.46,-0.302,123.3563,87.86,
2023-10-07,89.38,,,,2.13
2023-10-08,228.9,,,,
2023-10-09,264.13,,,91.37,
2023-10-10,143.27,,122.9282,90.7,
2023-10-11,192.77,,122.7697,87.58,
2023-10-12,189.71,,123.2101,88.4,
2023-10-13,58.76,-0.292,123.5954,94.33,
2023-10-14,70.39,,,,2.1
2023-10-15,512.8,,,,
2023-10-16,136.3,,123.3185,90.99,
2023-10-17,97.8,,123.1202,92.52,
2023-10-18,90.33,,123.8148,91.99,
2023-10-19,279.65,,123.798,93.12,
2023-10-20,287.49,-0.287,123.612,93.72,
2023-10-21,82.04,,,,2.16
2023-10-22,159.3,,,,
2023-10-23,150.87,,123.2846,91.88,
2023-10-24,79.87,,123.6416,88,
2023-10-25,124.21,,123.7871,90.14,
2023-10-26,37.91,,124.0064,88.45,
2023-10-27,90.17,-0.286,123.62,90.73,
2023-10-28,57.07,,,,2
2023-10-29,67.84,,,,
2023-10-30,164.09,,123.4076,90.73,
2023-10-31,42.38,,123.8364,86.82,
2023-11-01,132.01,,123.7922,86.92,
2023-11-02,58.14,,122.8818,89.02,
2023-11-03,72.02,-0.29,121.7564,87.55,
2023-11-04,34.76,,,,2.08
2023-11-05,85.27,,,,
2023-11-06,342.88,,121.6484,87.31,
2023-11-07,122.59,,122.0777,83.43,
2023-11-08,119.34,,122.0926,81.46,
2023-11-09,142.71,,122.1281,81.74,
2023-11-10,127.96,-0.299,,83.66,
2023-11-11,54.07,,,,2.15
2023-11-12,145.04,,,,
2023-11-13,116.21,,122.4264,84.09,
2023-11-14,198.44,,121.35,84.2,
2023-11-15,68.82,,121.0749,82.4,
2023-11-16,149.23,,121.1754,77.73,
2023-11-17,168.58,-0.309,120.8477,81.22,
2023-11-18,62.79,,,,2.03
2023-11-19,124.34,,,,
2023-11-20,42.9,,120.2533,83.25,
2023-11-21,295.43,,120.2241,82.42,
2023-11-22,65.95,,120.6802,81.76,
2023-11-23,15.44,,,80.85,
2023-11-24,94.64,-0.321,120.2105,79.82,
2023-11-25,46.51,,,,1.92
2023-11-26,127.55,,,,
2023-11-27,89.08,,120.173,79.49,
2023-11-28,101.83,,119.5904,81.66,
2023-11-29,83.76,,119.8159,82.98,
2023-11-30,147.72,,120.2434,81.72,
2023-12-01,38.37,-0.331,119.9424,78.72,
2023-12-02,56.37,,,,2.28
2023-12-03,119.31,,,,
2023-12-04,51.19,,120.4727,78.16,
2023-12-05,328.17,,120.7913,77.27,
2023-12-06,88.12,,120.5334,74.33,
2023-12-07,73.65,,120.6013,74.21,
2023-12-08,64.67,-0.34,120.7607,75.94,
2023-12-09,89.99,,,,2.17
2023-12-10,178.8,,,,
2023-12-11,117.01,,120.9279,75.75,
2023-12-12,36.95,,120.6817,74.11,
2023-12-13,95.78,,121.1571,74.14,
2023-12-14,89.93,,119.5683,77.05,
2023-12-15,61.4,-0.349,119.7382,76.84,
2023-12-16,51.97,,,,2.05
2023-12-17,94.75,,,,
2023-12-18,264.75,,119.9102,78.89,
2023-12-19,632.37,,119.4632,79.82,
2023-12-20,69.49,,119.5435,81.1,
2023-12-21,95.99,,119.3168,80.73,
2023-12-22,52.02,-0.358,119.0625,80.23,
2023-12-23,174.58,,,,2.49
2023-12-24,83.17,,,,
2023-12-25,74.35,,,,
2023-12-26,111.18,,118.8875,,
2023-12-27,145.72,,118.4729,80.97,
2023-12-28,168.59,,118.4104,79.04,
2023-12-29,107.55,-0.366,118.4208,77.69,
2023-12-30,131.31,,,,2.11
2023-12-31,221.29,,,,
2024-01-01,110.48,,,,
2024-01-02,138.57,,119.2686,76.24,
2024-01-03,162.46,,119.6958,77.18,
2024-01-04,118.85,,119.6208,75.79,
2024-01-05,106.49,-0.374,119.388,78.31,
2024-01-06,145.36,,,,2.52
2024-01-07,10.92,,,,
2024-01-08,153.56,,119.2506,75.47,
2024-01-09,1026.38,,119.6666,77.97,
2024-01-10,73.6,,119.7614,78.46,
2024-01-11,57,,119.8916,80.21,
2024-01-12,76.85,-0.382,119.534,79.89,
2024-01-13,92.97,,,,1.85
2024-01-14,126.89,,,,
2024-01-15,80.09,,,79.76,
2024-01-16,248.39,,120.5759,80.15,
2024-01-17,69.96,,121.0402,78.88,
2024-01-18,121.41,,120.8895,81.04,
2024-01-19,147.36,-0.389,120.6442,80.71,
2024-01-20,57.76,,,,1.5
2024-01-21,142.04,,,,
2024-01-22,175.55,,120.6178,81.7,
2024-01-23,71.62,,121.1001,82.04,
2024-01-24,91.92,,120.4916,82.15,
2024-01-25,114.57,,120.8311,82.33,
2024-01-26,85.29,-0.396,120.6173,83.34,
2024-01-27,80.68,,,,1.5
2024-01-28,109.4,,,,
2024-01-29,212.58,,120.8538,83.99,
2024-01-30,144.27,,120.6025,84.14,
2024-01-31,81.76,,120.4331,82.98,
2024-02-01,97.99,,120.3335,82.2,
2024-02-02,55.14,-0.402,120.902,79.54,
2024-02-03,95.61,,,,2.14
2024-02-04,213.37,,,,
2024-02-05,209.6,,121.349,79.3,
2024-02-06,109.35,,120.9588,80.46,
2024-02-07,178.57,,120.9049,81.18,
2024-02-08,153.72,,121.0798,83.01,
2024-02-09,67.61,-0.41,121.039,83.58,
2024-02-10,55.65,,,,1.54
2024-02-11,216.31,,,,
2024-02-12,215.18,,120.9378,83.88,
2024-02-13,183.22,,121.5202,84.72,
2024-02-14,86.93,,121.4002,84.41,
2024-02-15,83.03,,121.2121,84.33,
2024-02-16,58.32,-0.418,121.1505,84.88,
2024-02-17,147.98,,,,1.63
2024-02-18,309.05,,,,
2024-02-19,88.77,,,85.52,
2024-02-20,149.95,,121.0199,84.78,
2024-02-21,111.52,,121.0379,84.77,
2024-02-22,70.29,,121.102,85.84,
2024-02-23,117.11,-0.426,121.0369,84.18,
2024-02-24,192.21,,,,1.75
2024-02-25,68.12,,,,
2024-02-26,167.77,,121.0592,84.01,
2024-02-27,117.39,,120.9647,83.8,
2024-02-28,143.19,,121.128,84.08,
2024-02-29,105.86,,121.1824,84.57,
2024-03-01,58.59,-0.432,121.0111,84.82,
2024-03-02,72.85,,,,2.18
2024-03-03,85.57,,,,
2024-03-04,185.31,,120.872,86.58,
2024-03-05,98.25,,120.8846,85.82,
2024-03-06,107.93,,120.4649,86.59,
2024-03-07,56.71,,120.1909,84.88,
2024-03-08,36.66,-0.436,119.975,84.29,
2024-03-09,230.58,,,,1.78
2024-03-10,221.18,,,,
2024-03-11,159.06,,120.0394,83.44,
2024-03-12,104.69,,120.1668,83.66,
2024-03-13,159.16,,119.9642,83.95,
2024-03-14,69.68,,120.241,86.16,
2024-03-15,181.53,-0.437,120.4003,85.39,
2024-03-16,110.1,,,,1.66
2024-03-17,180.66,,,,
2024-03-18,140.24,,120.5752,86.47,
2024-03-19,91.96,,120.9332,87.36,
2024-03-20,202.01,,120.9289,85.77,
2024-03-21,77.59,,120.8086,84.92,
2024-03-22,73.05,-0.436,121.1842,84.87,
2024-03-23,147.64,,,,1.83
2024-03-24,93.1,,,,
2024-03-25,79.67,,121.0295,86.18,
2024-03-26,85.54,,121.0742,85.91,
2024-03-27,97.9,,121.0089,84.94,
2024-03-28,59.31,,121.0635,86.17,
2024-03-29,90.04,-0.431,121.0191,,
2024-03-30,49.51,,,,1.89
2024-03-31,89.56,,,,
2024-04-01,113.74,,121.5151,,
2024-04-02,64.34,,121.3035,87.63,
2024-04-03,87.02,,121.0198,90.6,
2024-04-04,79.84,,120.7613,90.32,
2024-04-05,65.9,-0.425,120.9646,92.81,
2024-04-06,286.44,,,,1.77
2024-04-07,136.54,,,,
2024-04-08,96.86,,120.7359,91.73,
2024-04-09,127.5,,120.7048,92.13,
2024-04-10,134.32,,121.5727,91.57,
2024-04-11,116.38,,121.6081,91.49,
2024-04-12,164.38,-0.419,122.2885,93.12,
2024-04-13,83.15,,,,1.89
2024-04-14,351.28,,,,
2024-04-15,148,,122.425,90.84,
2024-04-16,205,,123.1234,91.29,
2024-04-17,89.86,,123.0207,89.54,
2024-04-18,73,,123.0017,88.34,
2024-04-19,69.55,-0.414,123.1075,87.96,
2024-04-20,105,,,,1.74
2024-04-21,129.65,,,,
2024-04-22,63.52,,123.0609,87.3,
2024-04-23,50.68,,122.7227,88.29,
2024-04-24,103.13,,122.89,89.02,
2024-04-25,228.77,,122.8384,88.1,
2024-04-26,71.47,-0.412,122.9471,89.95,
2024-04-27,53.88,,,,1.8
2024-04-28,105.58,,,,
2024-04-29,80.35,,122.5449,88.44,
2024-04-30,111.88,,122.9853,88.23,
2024-05-01,52.26,,123.0168,83.55,
2024-05-02,80.5,,122.4384,84.81,
2024-05-03,55.72,-0.411,122.1375,83.6,
2024-05-04,43.53,,,,1.5
2024-05-05,165.5,,,,
2024-05-06,76.56,,121.8913,,
2024-05-07,38.92,,122.093,82.69,
2024-05-08,35.93,,122.1926,82.44,
2024-05-09,51.54,,122.1634,83.27,
2024-05-10,103.08,-0.412,122.014,83.39,
2024-05-11,262.99,,,,2.03
2024-05-12,245.08,,,,
2024-05-13,36.94,,122.0261,83.18,
2024-05-14,135.19,,121.9256,81,
2024-05-15,96.41,,121.3543,79.98,
2024-05-16,55.17,,121.2236,81.65,
2024-05-17,54.29,-0.412,121.2354,82.24,
2024-05-18,71.86,,,,1.86
2024-05-19,228.26,,,,
2024-05-20,92.53,,121.2289,81.91,
2024-05-21,62.26,,121.3793,81.22,
2024-05-22,55.15,,121.5462,79.9,
2024-05-23,77.2,,121.7477,79.25,
2024-05-24,153.24,-0.411,121.6172,78.92,
2024-05-25,58.73,,,,2.51
2024-05-26,40.78,,,,
2024-05-27,52.47,,,,
2024-05-28,56.95,,121.43,81.34,
2024-05-29,123.02,,122.1641,81.5,
2024-05-30,92.78,,121.9601,81.42,
2024-05-31,72.4,-0.407,122.098,79.41,
2024-06-01,87.64,,,,2.05
2024-06-02,58.35,,,,
2024-06-03,191.95,,122.3509,76.45,
2024-06-04,67.8,,122.7256,75.33,
2024-06-05,35.32,,122.5339,75.41,
2024-06-06,80.15,,122.3713,77.62,
2024-06-07,55.59,-0.401,123.549,78.12,
2024-06-08,102.97,,,,2.38
2024-06-09,82.89,,,,
2024-06-10,92.67,,123.9125,79.59,
2024-06-11,59.32,,124.0349,80.15,
2024-06-12,100.25,,123.8295,80.52,
2024-06-13,94.21,,124.0235,81.44,
2024-06-14,88.92,-0.394,124.1694,81.49,
2024-06-15,62.45,,,,2.24
2024-06-16,48.63,,,,
2024-06-17,64.98,,124.239,82.45,
2024-06-18,72.11,,123.9776,84.79,
2024-06-19,52.65,,,85.64,
2024-06-20,89.94,,124.192,85.92,
2024-06-21,76.15,-0.386,124.1086,86.42,
2024-06-22,109.47,,,,2.17
2024-06-23,197.14,,,,
2024-06-24,99.49,,123.7125,86.75,
2024-06-25,49.78,,123.9417,86.81,
2024-06-26,66.89,,124.26,85.76,
2024-06-27,88.91,,124.3379,87,
2024-06-28,56.38,-0.379,124.2103,87.26,
2024-06-29,134,,,,2.39
2024-06-30,130.99,,,,
2024-07-01,244.08,,124.4667,86.57,
2024-07-02,41.45,,124.2917,88.28,
2024-07-03,58.82,,123.7768,88.25,
2024-07-04,33.75,,,88.34,
2024-07-05,778.95,-0.374,123.4762,88.66,
2024-07-06,307.38,,,,2.68
2024-07-07,104.43,,,,
2024-07-08,109.45,,123.3576,87.15,
2024-07-09,85.73,,123.4071,86.48,
2024-07-10,182.9,,123.1895,86.55,
2024-07-11,29.57,,122.769,86.49,
2024-07-12,109.49,-0.368,122.4404,87.35,
2024-07-13,275.41,,,,1.83
2024-07-14,182.93,,,,
2024-07-15,99.68,,122.6347,86.42,
2024-07-16,96.85,,122.7264,86.6,
2024-07-17,129.38,,122.518,85.76,
2024-07-18,376.84,,122.7909,86.26,
2024-07-19,88.76,-0.363,123.147,85.19,
2024-07-20,87.09,,,,2
2024-07-21,190.99,,,,
2024-07-22,78.76,,123.2172,83.44,
2024-07-23,141.71,,123.3843,82.2,
2024-07-24,79.17,,123.5575,83.01,
2024-07-25,39.71,,123.5286,82.58,
2024-07-26,68.12,-0.359,123.672,81.35,
2024-07-27,78.03,,,,1.71
2024-07-28,174.08,,,,
2024-07-29,66.23,,124.1392,80.94,
2024-07-30,73.45,,124.2855,79.26,
2024-07-31,53.04,,123.6373,81.39,
2024-08-01,60.98,,123.8693,81.37,
2024-08-02,97.69,-0.358,123.4681,78.35,
2024-08-03,61.69,,,,1.85
2024-08-04,89.47,,,,
2024-08-05,150.14,,123.5787,77.51,
2024-08-06,207.85,,123.6532,76.62,
2024-08-07,53.33,,123.5698,78.26,
2024-08-08,18.65,,123.4466,80.76,
2024-08-09,122.7,-0.359,122.9276,81.07,
2024-08-10,81.78,,,,2.01
2024-08-11,223.61,,,,
2024-08-12,76.44,,123.2204,83.06,
2024-08-13,88.36,,123.0146,82.51,
2024-08-14,120.48,,122.4297,82.15,
2024-08-15,221.13,,122.5844,83.09,
2024-08-16,194.96,-0.368,122.3972,81.56,
2024-08-17,142.54,,,,2.04
2024-08-18,300.83,,,,
2024-08-19,88.54,,121.8788,81.09,
2024-08-20,54.32,,121.7728,78.85,
2024-08-21,116.81,,121.8535,78.77,
2024-08-22,87.14,,122.3626,78.8,
2024-08-23,69.6,-0.378,121.4597,80.34,
2024-08-24,30.03,,,,1.99
2024-08-25,100.22,,,,
2024-08-26,63.73,,121.6943,,
2024-08-27,35.71,,121.8672,81.51,
2024-08-28,64.09,,121.8943,80.04,
2024-08-29,92.28,,122.2333,81.55,
2024-08-30,60.89,-0.39,122.3262,80.2,
2024-08-31,66.18,,,,2.36
2024-09-01,137.9,,,,
2024-09-02,601.26,,,77.82,
2024-09-03,70.88,,122.7811,76.46,
2024-09-04,92.74,,122.5144,74.67,
2024-09-05,54.83,,122.4533,74.47,
2024-09-06,103.01,-0.401,122.4991,72.82,
2024-09-07,57.59,,,,2.02
2024-09-08,136.16,,,,
2024-09-09,55.57,,122.7156,72.37,
2024-09-10,117.97,,123.0071,70.34,
2024-09-11,38.01,,122.7754,70.31,
2024-09-12,58.47,,122.4423,73.81,
2024-09-13,92.86,-0.411,121.6551,73.68,
2024-09-14,62.32,,,,2.05
2024-09-15,76.57,,,,
2024-09-16,59.1,,121.4976,73.96,
2024-09-17,110.52,,121.6031,74.55,
2024-09-18,152.08,,121.5618,74.52,
2024-09-19,126.07,,121.3059,75.93,
2024-09-20,66.37,-0.419,121.4052,75.96,
2024-09-21,77.27,,,,2.41
2024-09-22,56.52,,,,
2024-09-23,73.57,,121.4303,74.95,
2024-09-24,72.44,,121.1291,75.29,
2024-09-25,103.88,,121.4447,75.4,
2024-09-26,82.08,,121.0785,73.06,
2024-09-27,90.48,-0.426,121.1111,71.63,
2024-09-28,53.03,,,,2.09
2024-09-29,31.33,,,,
2024-09-30,116.24,,121.2864,72.35,
2024-10-01,58.83,,121.6881,75.3,
2024-10-02,133.57,,121.5724,74.86,
2024-10-03,76.65,,122.1197,77.57,
2024-10-04,74.53,-0.43,122.2197,79.32,
2024-10-05,93.95,,,,2.24
2024-10-06,77.36,,,,
2024-10-07,48.33,,122.4241,81.74,
2024-10-08,127.04,,122.6625,78.19,
2024-10-09,71.55,,122.8821,77.06,
2024-10-10,96.67,,123.0951,79.45,
2024-10-11,247.06,-0.434,122.9805,80.27,
2024-10-12,211.55,,,,1.95
2024-10-13,154.13,,,,
2024-10-14,68.25,,,78.47,
2024-10-15,140.41,,123.5124,73.68,
2024-10-16,79.68,,123.9235,73.65,
2024-10-17,114.8,,124.1122,74.37,
2024-10-18,70.12,-0.439,123.9185,72.75,
2024-10-19,89.05,,,,1.73
2024-10-20,176.02,,,,
2024-10-21,283.8,,124.4757,73.29,
2024-10-22,116.02,,124.4107,75.59,
2024-10-23,98.6,,124.6931,74.68,
2024-10-24,67.34,,124.5127,74.27,
2024-10-25,83.65,-0.444,124.6105,75.62,
2024-10-26,245.79,,,,2.13
2024-10-27,187.75,,,,
2024-10-28,75.66,,124.8076,71.87,
2024-10-29,88.98,,124.8612,71.09,
2024-10-30,70.46,,124.8153,73.21,
2024-10-31,107.64,,124.7988,73.25,
2024-11-01,116.29,-0.45,124.8076,73.63,
2024-11-02,384.15,,,,1.66
2024-11-03,298.74,,,,
2024-11-04,231.81,,124.5903,74.89,
2024-11-05,312.49,,124.5532,76.98,
2024-11-06,142.57,,125.7035,76.52,
2024-11-07,323.52,,124.775,75.73,
2024-11-08,308.41,-0.458,125.5811,74.04,
2024-11-09,125.18,,,,2.06
2024-11-10,484.55,,,,
2024-11-11,386.33,,,72.19,
2024-11-12,225.35,,126.7762,72.56,
2024-11-13,170.4,,126.9572,72.86,
2024-11-14,135.73,,127.0015,73.39,
2024-11-15,268.42,-0.465,126.8848,73.45,
2024-11-16,154.6,,,,1.89
2024-11-17,450.74,,,,
2024-11-18,463.22,,126.6045,74.35,
2024-11-19,214.05,,126.3994,74.32,
2024-11-20,181.81,,126.88,74.33,
2024-11-21,219.91,,127.1047,75.09,
2024-11-22,135.37,-0.47,127.4712,76.1,
2024-11-23,104.89,,,,3.21
2024-11-24,311.54,,,,
2024-11-25,87.75,,126.9948,74.27,
2024-11-26,150.15,,127.4301,74.56,
2024-11-27,132.14,,126.8205,73.91,
2024-11-28,162.72,,,73.92,
2024-11-29,174.81,-0.474,126.5798,74.16,
2024-11-30,123.13,,,,1.73
2024-12-01,140.43,,,,
2024-12-02,78.68,,127.1272,72.81,
2024-12-03,92.19,,126.9565,74.8,
2024-12-04,177.91,,126.7574,74.68,
2024-12-05,97.39,,126.4286,73.78,
2024-12-06,390.69,-0.476,126.688,73.78,
2024-12-07,376.57,,,,2.18
2024-12-08,114.97,,,,
2024-12-09,233.8,,126.5981,73.73,
2024-12-10,218.39,,126.957,73.64,
2024-12-11,219.72,,126.8483,74.38,
2024-12-12,125.44,,126.9556,73.52,
2024-12-13,141.68,-0.478,127.3096,74.89,
2024-12-14,167.31,,,,2.79
2024-12-15,244.9,,,,
2024-12-16,288.93,,127.2687,74.3,
2024-12-17,86.94,,127.5043,73.16,
2024-12-18,251.99,,127.6418,74.57,
2024-12-19,171.71,,128.6366,73.75,
2024-12-20,180.8,-0.479,127.893,73.19,
2024-12-21,180.08,,,,2.48
2024-12-22,381.65,,,,
2024-12-23,139.02,,128.3021,72.12,
2024-12-24,252.18,,128.3377,73.5,
2024-12-25,190.79,,,,
2024-12-26,118.16,,128.3329,,
2024-12-27,104.31,-0.483,128.45,73.77,
2024-12-28,150.11,,,,2.71
2024-12-29,167.91,,,,
2024-12-30,138.37,,128.8205,74.24,
2024-12-31,109.44,,129.2775,74.58,
2025-01-01,202.92,,,,
2025-01-02,188.9,,129.4598,76.14,
2025-01-03,167.41,-0.488,129.4535,76.72,
2025-01-04,213.62,,,,1.98
2025-01-05,571.19,,,,
2025-01-06,222.31,,128.538,77.27,
2025-01-07,260.94,,128.613,77.84,
2025-01-08,212.01,,129.0785,77.37,
2025-01-09,230.71,,129.2827,78.44,
2025-01-10,147.76,-0.494,129.8664,79.76,
2025-01-11,403.4,,,,2.28
2025-01-12,678.32,,,,
2025-01-13,179.6,,130.0413,82.69,
2025-01-14,185.4,,129.3812,82.39,
2025-01-15,110.72,,129.2092,83.48,
2025-01-16,134.68,,129.436,82.39,
2025-01-17,173.63,-0.499,129.4859,83.02,
2025-01-18,234.19,,,,2.8
2025-01-19,508.27,,,,
2025-01-20,193.71,,,81.68,
2025-01-21,225.37,,128.4151,80.57,
2025-01-22,121.77,,128.3402,80,
2025-01-23,176.52,,128.2162,78.62,
2025-01-24,189.16,-0.504,127.4611,78.71,
2025-01-25,159.12,,,,2.79
2025-01-26,178.55,,,,
2025-01-27,159.42,,128.0912,77.3,
2025-01-28,262.69,,128.2817,78.01,
2025-01-29,342.27,,128.3418,77.02,
2025-01-30,293.51,,128.1004,77.42,
2025-01-31,495.78,-0.507,128.4828,77.11,
2025-02-01,256.1,,,,2.4
2025-02-02,314.4,,,,
2025-02-03,327.16,,129.109,76.49,
2025-02-04,393.35,,128.1083,76.58,
2025-02-05,226.19,,127.9751,74.71,
2025-02-06,372.45,,128.2017,74.54,
2025-02-07,332.89,-0.506,128.4292,74.68,
2025-02-08,578.84,,,,2.55
2025-02-09,613.98,,,,
2025-02-10,290.34,,128.6382,76.23,
2025-02-11,230.88,,128.4322,77.65,
2025-02-12,285.28,,128.3288,75.38,
2025-02-13,236.69,,127.8931,75.61,
2025-02-14,297.91,-0.501,127.1491,75.19,
2025-02-15,229.66,,,,2.51
2025-02-16,294.91,,,,
2025-02-17,372.7,,,75.81,
2025-02-18,280.36,,127.2906,76.46,
2025-02-19,341.49,,127.7317,76.34,
2025-02-20,367.92,,127.1126,76.95,
2025-02-21,375.62,-0.492,127.1408,74.88,
2025-02-22,203.15,,,,2.43
2025-02-23,476.69,,,,
2025-02-24,355.9,,127.1921,74.89,
2025-02-25,232.14,,127.3752,73.11,
2025-02-26,275.17,,127.2822,73.49,
2025-02-27,288.54,,127.9704,75.01,
2025-02-28,345.22,-0.479,128.2805,74.76,
2025-03-01,522.4,,,,2.26
2025-03-02,476.54,,,,
2025-03-03,429.75,,127.75,72.85,
2025-03-04,447.53,,127.9966,72.31,
2025-03-05,391.3,,126.504,70.92,
2025-03-06,726.26,,126.1099,71.08,
2025-03-07,556.7,-0.462,125.9814,72.49,
2025-03-08,684.13,,,,2.61
2025-03-09,714.21,,,,
2025-03-10,403.78,,126.268,71.08,
2025-03-11,704.03,,126.0457,71.51,
2025-03-12,433.5,,125.8664,72.36,
2025-03-13,463.36,,126.0031,70.82,
2025-03-14,442.46,-0.443,125.6942,71.94,
2025-03-15,494.6,,,,2.34
2025-03-16,731.78,,,,
2025-03-17,649.53,,125.3688,71.93,
2025-03-18,614.24,,125.488,71.93,
2025-03-19,565.45,,125.8006,71.94,
2025-03-20,458.66,,125.985,72.61,
2025-03-21,390.35,-0.425,126.2679,72.64,
2025-03-22,488.06,,,,2.09
2025-03-23,538.36,,,,
2025-03-24,498.84,,126.1956,73.96,
2025-03-25,472.98,,126.0535,73.78,
2025-03-26,316.49,,126.2364,74.6,
2025-03-27,313.11,,126.3626,74.72,
2025-03-28,362.44,-0.408,126.4187,74.69,
2025-03-29,284.53,,,,2.29
2025-03-30,612.15,,,,
2025-03-31,426.16,,126.7075,77.23,
2025-04-01,642.48,,126.4338,77.78,
2025-04-02,445.6,,126.3811,77.27,
2025-04-03,438.93,,124.7316,72.54,
2025-04-04,550.44,-0.393,125.8129,68.36,
2025-04-05,975.6,,,,3.08
2025-04-06,773.67,,,,
2025-04-07,574.97,,126.8282,66.13,
2025-04-08,565.99,,126.8668,64.86,
2025-04-09,590.08,,126.628,67.3,
2025-04-10,623.53,,125.089,65.37,
2025-04-11,833.81,-0.383,124.0163,66.83,
2025-04-12,589.49,,,,2.58
2025-04-13,910.15,,,,
2025-04-14,495.65,,123.6598,67.18,
2025-04-15,371.94,,123.776,66.58,
2025-04-16,505.79,,123.2724,67.94,
2025-04-17,508.01,,123.1298,69.33,
2025-04-18,417.47,-0.383,122.9865,,
2025-04-19,431.85,,,,2.67
2025-04-20,526.52,,,,
2025-04-21,407.95,,122.3145,,
2025-04-22,439.04,,122.4175,68.93,
2025-04-23,337.82,,123.0252,68.26,
2025-04-24,419.9,,122.9251,67.5,
2025-04-25,515.91,-0.39,122.8858,66.99,
2025-04-26,473.09,,,,2.33
2025-04-27,664.45,,,,
2025-04-28,787.79,,122.7176,66.13,
2025-04-29,575.26,,122.5944,64.04,
2025-04-30,433.1,,122.5921,63.37,
2025-05-01,890.82,,123.1405,62.37,
2025-05-02,592.35,-0.403,122.4962,61.57,
2025-05-03,706.16,,,,2.57
2025-05-04,636.65,,,,
2025-05-05,346.64,,122.2613,,
2025-05-06,553.82,,122.0417,62.37,
2025-05-07,428.17,,122.117,60.31,
2025-05-08,567.82,,122.7568,62.22,
2025-05-09,535.71,-0.42,122.5191,64.26,
2025-05-10,676.42,,,,2.1
2025-05-11,777.17,,,,
2025-05-12,667.23,,123.4863,65.28,
2025-05-13,512.95,,122.9583,66.93,
2025-05-14,776.77,,122.6746,65.91,
2025-05-15,469,,122.8174,64.36,
2025-05-16,516.56,-0.438,123.0737,65.2,
2025-05-17,581.6,,,,1.93
2025-05-18,681.45,,,,
2025-05-19,390.58,,122.4186,66.25,
2025-05-20,408.7,,122.3199,66.93,
2025-05-21,319.48,,121.7496,65.86,
2025-05-22,283.69,,122.0429,64.87,
2025-05-23,328.74,-0.453,121.3837,65.41,
2025-05-24,247.2,,,,2.06
2025-05-25,353.81,,,,
2025-05-26,293.68,,,,
2025-05-27,409.58,,121.6099,64.32,
2025-05-28,282.29,,121.9888,65.72,
2025-05-29,340.04,,121.5617,64.6,
2025-05-30,514,-0.465,121.7674,64.32,
2025-05-31,389.5,,,,1.79
2025-06-01,902.62,,,,
2025-06-02,445.03,,121.1881,66.55,
2025-06-03,475.75,,121.4592,67.48,
2025-06-04,420.42,,121.0539,66.69,
2025-06-05,340.8,,120.9596,67.14,
2025-06-06,351.94,-0.474,121.161,68.02,
2025-06-07,367.07,,,,1.97
2025-06-08,620.59,,,,
2025-06-09,328.87,,120.9103,68.73,
2025-06-10,273.63,,121.0485,68.41,
2025-06-11,281.91,,120.587,71.29,
2025-06-12,484.65,,120.1723,70.84,
2025-06-13,270.05,-0.482,120.3245,76,
2025-06-14,346.92,,,,2.04
2025-06-15,534.57,,,,
2025-06-16,340.61,,120.1565,75.05,
2025-06-17,445.72,,120.5048,78.7,
2025-06-18,477.28,,120.7305,78.38,
2025-06-19,315.71,,,80.37,
2025-06-20,326.33,-0.488,121.0408,78.73,
2025-06-21,252.25,,,,2.36
2025-06-22,463.29,,,,
2025-06-23,229.7,,121.1694,74.34,
2025-06-24,326.19,,120.3645,69.13,
2025-06-25,342.66,,120.3336,68.4,
2025-06-26,239.86,,119.6451,68.57,
2025-06-27,305.07,-0.495,119.659,69.37,
2025-06-28,385.22,,,,2.15
2025-06-29,583.73,,,,
2025-06-30,511.44,,119.4088,68.15,
2025-07-01,444.86,,119.3436,67.63,
2025-07-02,376.21,,119.3037,70.8,
2025-07-03,750.31,,119.2382,70.42,
2025-07-04,631.92,-0.501,,71.03,
2025-07-05,352.05,,,,2.65
2025-07-06,489.75,,,,
2025-07-07,406.62,,119.6201,71.95,
2025-07-08,226.19,,119.8371,72.5,
2025-07-09,270.45,,119.7311,71.98,
2025-07-10,539.55,,119.8343,70.38,
2025-07-11,322.44,-0.508,119.9214,72.06,
2025-07-12,356.31,,,,2.36
2025-07-13,347.85,,,,
2025-07-14,379.41,,120.2209,70.96,
2025-07-15,573.74,,120.5105,70.27,
2025-07-16,468.19,,120.4175,69.67,
2025-07-17,444.91,,120.6384,71.32,
2025-07-18,428.28,-0.513,120.356,71.06,
2025-07-19,405.06,,,,2.25
2025-07-20,513.08,,,,
2025-07-21,289.39,,119.9961,71.92,
2025-07-22,220.87,,119.681,69.69,
2025-07-23,233.7,,119.5697,69.17,
2025-07-24,301.78,,119.5664,70.42,
2025-07-25,227.42,-0.517,119.9857,69.23,
2025-07-26,175.31,,,,2.59
2025-07-27,221.77,,,,
2025-07-28,282.48,,120.6149,70.87,
2025-07-29,199.35,,120.9674,73.21,
2025-07-30,274.14,,121.4042,73.98,
2025-07-31,378.15,,121.721,73.43,
2025-08-01,563.27,-0.52,121.2122,70.55,
2025-08-02,401.51,,,,2.61
2025-08-03,660,,,,
2025-08-04,259.95,,120.9859,69.56,
2025-08-05,251.56,,120.9082,69.14,
2025-08-06,229.33,,120.5082,67.97,
2025-08-07,280.6,,120.5043,66.99,
2025-08-08,239.92,-0.521,120.3329,67.17,
2025-08-09,190.2,,,,2.52
2025-08-10,327.82,,,,
2025-08-11,309.88,,120.6892,67.36,
2025-08-12,275.89,,120.2736,66.8,
2025-08-13,241.27,,120.13,66.25,
2025-08-14,199.49,,120.6446,68.12,
2025-08-15,323.06,-0.524,120.3377,67.3,
2025-08-16,274.55,,,,2.55
2025-08-17,242.09,,,,
2025-08-18,336.75,,120.5622,68.18,
2025-08-19,216.13,,120.7224,66.62,
2025-08-20,177.74,,120.7757,67.61,
2025-08-21,158.27,,121.0843,68.41,
2025-08-22,155.54,-0.525,120.2774,68.29,
2025-08-23,224.66,,,,2.62
2025-08-24,483.1,,,,
2025-08-25,467.56,,120.4214,,
2025-08-26,441.53,,120.5274,66.89,
2025-08-27,269.38,,120.7274,67.75,
2025-08-28,279.5,,120.2595,68.61,
2025-08-29,250.15,-0.526,120.2082,67.83,
2025-08-30,458.07,,,,2.23
2025-08-31,326.52,,,,
2025-09-01,223.11,,,67.09,
2025-09-02,488.48,,120.6837,68.09,
2025-09-03,185.22,,120.5052,67.76,
2025-09-04,388.69,,120.7629,66.41,
2025-09-05,601.23,-0.526,120.1282,64.92,
2025-09-06,309.36,,,,2.33
2025-09-07,301.49,,,,
2025-09-08,319.23,,120.0971,65.44,
2025-09-09,243.41,,120.1569,67.97,
2025-09-10,280.99,,120.1223,67.62,
2025-09-11,311.82,,119.9534,67.25,
2025-09-12,268.43,-0.526,120.0611,67.87,
2025-09-13,214.76,,,,2.31
2025-09-14,629.68,,,,
2025-09-15,273.8,,119.5644,67.88,
2025-09-16,243.91,,119.1348,69.69,
2025-09-17,400.05,,119.1582,69.19,
2025-09-18,284.37,,119.6616,67.83,
2025-09-19,204.23,-0.525,119.7858,67.05,
2025-09-20,187.61,,,,2.07
2025-09-21,610.55,,,,
2025-09-22,548.21,,119.8152,66.87,
2025-09-23,248.3,,119.6202,67.96,
2025-09-24,356.04,,120.1707,69.64,
2025-09-25,190.78,,120.5419,70.48,
2025-09-26,409.49,-0.524,120.4349,71.15,
2025-09-27,310.97,,,,2.37
2025-09-28,534.23,,,,
2025-09-29,282.61,,120.115,69,
2025-09-30,406.64,,120.1368,68.52,
2025-10-01,307.12,,120.1502,66.67,
2025-10-02,438.91,,120.4296,65.44,
2025-10-03,306.79,-0.523,120.0881,66.13,
2025-10-04,359.09,,,,2.44
2025-10-05,547.04,,,,
2025-10-06,326.43,,120.2722,67.09,
2025-10-07,225.8,,120.4884,67.1,
2025-10-08,354.2,,120.7766,67.42,
2025-10-09,391.93,,121.0902,67.23,
2025-10-10,314.78,-0.521,121.1163,64.41,
2025-10-11,230.57,,,,2.5
2025-10-12,571.89,,,,
2025-10-13,401.18,,,64.15,
2025-10-14,444.68,,121.1822,63,
2025-10-15,160.15,,120.8642,62.33,
2025-10-16,363.38,,120.6698,61.08,
2025-10-17,551.3,-0.518,120.7028,61.23,
2025-10-18,304.61,,,,2.13
2025-10-19,399.42,,,,
2025-10-20,338.92,,120.6209,60.71,
2025-10-21,279.64,,120.8895,61,
2025-10-22,490.22,,120.8958,62.28,
2025-10-23,226.47,,120.9531,66.32,
2025-10-24,327.22,-0.515,120.9345,65.8,
2025-10-25,198.82,,,,2.02
2025-10-26,483.74,,,,
2025-10-27,386.2,,120.7988,65.52,
2025-10-28,269.14,,120.6361,64.03,
2025-10-29,260.35,,120.5312,65.01,
2025-10-30,280.03,,121.2832,65.11,
2025-10-31,439.77,-0.512,121.3859,65.44,
2025-11-01,495.89,,,,2.27
2025-11-02,335.63,,,,
2025-11-03,5.39,,121.4512,65.79,
2025-11-04,285.7,,121.8271,65.04,
2025-11-05,300.81,,121.8482,63.54,
2025-11-06,316.74,,121.6948,63.41,
2025-11-07,337.82,-0.508,121.388,63.72,
2025-11-08,598.34,,,,1.95
2025-11-09,494.36,,,,
2025-11-10,473.61,,121.2984,63.01,
2025-11-11,332.87,,,63.86,
2025-11-12,224.47,,121.0458,61.88,
2025-11-13,475.99,,120.7725,62.14,
2025-11-14,302.37,-0.506,120.9666,63.45,
2025-11-15,255.94,,,,2.33
2025-11-16,403.64,,,,
2025-11-17,575.78,,121.1146,63.16,
2025-11-18,617.41,,121.2127,64.86,
2025-11-19,226.6,,121.4978,63.78,
2025-11-20,312.65,,121.6889,63.64,
2025-11-21,265.43,-0.506,121.8653,62.78,
2025-11-22,182.64,,,,2.19
2025-11-23,354.59,,,,
2025-11-24,199.1,,121.9171,64.83,
2025-11-25,323.74,,121.6335,63.99,
2025-11-26,231.59,,121.2437,64.81,
2025-11-27,334.67,,,64.18,
2025-11-28,323.26,-0.507,121.0527,64.07,
2025-11-29,168.25,,,,2.26
2025-11-30,321.03,,,,
2025-12-01,257.88,,120.9862,64.22,
2025-12-02,292.27,,121.1467,63.37,
2025-12-03,357.52,,120.7336,63.75,
2025-12-04,520.11,,120.6766,64.15,
2025-12-05,236.11,-0.51,120.6863,64.42,
2025-12-06,113.63,,,,2.3
2025-12-07,354.92,,,,
2025-12-08,483.24,,120.776,63.3,
2025-12-09,583.98,,120.6832,62.62,
2025-12-10,336.6,,120.6752,63.12,
2025-12-11,524.45,,119.98,61.87,
2025-12-12,355.26,-0.515,120.1442,62.11,
2025-12-13,629.56,,,,2.31
2025-12-14,418.09,,,,
2025-12-15,254.98,,119.9561,61.55,
2025-12-16,258.94,,119.8902,59.93,
2025-12-17,230.87,,120.155,60.61,
2025-12-18,350.41,,120.0528,60.69,
2025-12-19,313.6,-0.524,120.1652,61.35,
2025-12-20,283.5,,,,2.21
2025-12-21,547.81,,,,
2025-12-22,238.58,,119.9912,62.22,
2025-12-23,264.35,,119.7057,63.7,
2025-12-24,204.03,,119.4372,63.7,
2025-12-25,181.39,,,,
2025-12-26,513.83,-0.536,119.4723,,
2025-12-27,281.48,,,,2.51
2025-12-28,462.89,,,,
2025-12-29,445.72,,119.5899,63.1,
2025-12-30,305.8,,119.4939,62.3,
2025-12-31,307.63,,119.7456,61.35,
2026-01-01,288.09,,,,
2026-01-02,296.92,-0.547,119.6059,61.98,
2026-01-03,314.9,,,,1.88
2026-01-04,552.46,,,,
2026-01-05,539.83,,119.6192,63,
2026-01-06,251.35,,119.7807,62.1,
2026-01-07,253.69,,119.8719,61.08,
2026-01-08,474.73,,120.0904,63.34,
2026-01-09,231.37,-0.558,120.2215,65.11,
2026-01-10,310.71,,,,2.47
2026-01-11,375.53,,,,
2026-01-12,281.74,,119.9958,65.4,
2026-01-13,357.58,,120.1401,67.58,
2026-01-14,369.14,,119.9537,68.87,
2026-01-15,409.97,,119.9951,66.16,
2026-01-16,257.45,-0.565,120.0838,66.97,
2026-01-17,193.48,,,,2.17
2026-01-18,349.32,,,,
2026-01-19,355.15,,,66.91,
2026-01-20,360.3,,119.4455,67.68,
2026-01-21,541.38,,119.3431,66.72,
2026-01-22,474.48,,119.1962,65.46,
2026-01-23,308.57,-0.566,118.8976,68.16,
2026-01-24,410.43,,,,2.49
2026-01-25,547.97,,,,
2026-01-26,289.49,,118.0525,67.7,
2026-01-27,402.55,,117.4523,70.28,
2026-01-28,343.94,,117.5117,70.9,
2026-01-29,248.94,,117.4396,71,
2026-01-30,211.46,-0.563,117.8996,72.25,
2026-01-31,239.36,,,,2.21
2026-02-01,298.23,,,,
2026-02-02,196.39,,118.3609,67.72,
2026-02-03,321.6,,117.9764,70.01,
2026-02-04,303.36,,118.2602,71.15,
2026-02-05,291.35,,118.5034,69.87,
2026-02-06,176.17,-0.554,118.2407,70.45,
2026-02-07,523.6,,,,2.65
2026-02-08,486.27,,,,
2026-02-09,221.9,,117.6392,71.19,
2026-02-10,205.87,,117.5216,71.01,
2026-02-11,251.66,,117.4601,71.52,
2026-02-12,438.29,,117.5376,69.8,
2026-02-13,337.34,-0.541,117.5258,69.96,
2026-02-14,361.7,,,,2.9
2026-02-15,343.98,,,,
2026-02-16,280.85,,,70.81,
2026-02-17,278.08,,117.7375,69.77,
2026-02-18,238.41,,117.8426,71.78,
2026-02-19,493.8,,118.2354,73.17,
2026-02-20,473.44,-0.524,117.9917,72.75,
2026-02-21,412.53,,,,2.61
2026-02-22,625.08,,,,
2026-02-23,695.45,,117.9395,71.9,
2026-02-24,672.5,,117.9463,71.21,
2026-02-25,369.27,,117.769,70.69,
2026-02-26,319.09,,117.9042,71.66,
2026-02-27,320.15,-0.506,117.8223,71.32,
2026-02-28,150.05,,,,2.48
2026-03-01,380.69,,,,
2026-03-02,440.29,,118.667,77.24,
2026-03-03,544.62,,119.4341,83.28,
2026-03-04,230.31,,119.0705,81.56,
2026-03-05,387.92,,119.5683,88.59,
2026-03-06,466.69,-0.487,119.491,95.74,
2026-03-07,392.88,,,,2.67
2026-03-08,763.29,,,,
2026-03-09,479.74,,119.5151,94.35,
2026-03-10,288.44,,118.7255,89.84,
2026-03-11,420.76,,119.2885,90.98,
2026-03-12,362.89,,119.8227,102.38,
2026-03-13,450.36,-0.472,120.5518,103.23,
2026-03-14,433.7,,,,2.63
2026-03-15,486.49,,,,
2026-03-16,243.05,,120.097,101.04,
2026-03-17,325.21,,119.8328,108.39,
2026-03-18,347.7,,119.9276,118.09,
2026-03-19,372.46,,120.1802,111.05,
2026-03-20,308.76,-0.463,120.2757,118.42,
2026-03-21,492.11,,,,2.82
2026-03-22,535.47,,,,
2026-03-23,348.81,,119.9371,103.79,
2026-03-24,494.5,,120.1295,108.42,
2026-03-25,273.75,,120.1282,109.14,
2026-03-26,509.77,,120.389,113.39,
2026-03-27,301.58,-0.459,120.8851,121.47,
2026-03-28,271.21,,,,2.86
2026-03-29,475.14,,,,
2026-03-30,381.86,,121.2851,121.88,
2026-03-31,383.38,,121.035,126.69,
2026-04-01,359.72,,120.1198,119.56,
2026-04-02,268.47,,120.503,127.61,
2026-04-03,392.85,-0.464,120.6565,,
2026-04-04,294.11,,,,2.69
2026-04-05,697.34,,,,
2026-04-06,255.85,,120.4302,,
2026-04-07,242.86,,120.32,138.21,
2026-04-08,245.51,,119.0596,122.11,
2026-04-09,293.55,,118.8998,119.03,
2026-04-10,266.58,-0.474,118.8552,119.07,
2026-04-11,822.43,,,,2.73
2026-04-12,353.4,,,,
2026-04-13,383.1,,118.9916,123.28,
2026-04-14,412.1,,118.3581,118.69,
2026-04-15,276.31,,118.3623,114.93,
2026-04-16,262.82,,118.3616,116.63,
2026-04-17,266.55,-0.485,118.0795,98.63,
2026-04-18,295.14,,,,2.53
2026-04-19,379.79,,,,
2026-04-20,329.9,,118.2374,103.4,
2026-04-21,197.66,,118.4331,106.14,
2026-04-22,208.63,,118.6004,113.44,
2026-04-23,455.4,,118.7155,113.25,
2026-04-24,251.17,-0.495,118.7294,111.86,
2026-04-25,562.18,,,,2.95
2026-04-26,201.83,,,,
2026-04-27,337.27,,118.5458,113.89,
2026-04-28,387.67,,118.7717,117.62,
2026-04-29,281.95,,119.0975,124.16,
2026-04-30,386.28,,118.671,124.24,
2026-05-01,501.82,-0.502,118.3926,118.26,
2026-05-02,1048.95,,,,2.6
2026-05-03,345.81,,,,
2026-05-04,366.58,,118.8264,,
2026-05-05,529.17,,118.6207,114.51,
2026-05-06,270.75,,118.0982,103.7,
2026-05-07,318.06,,118.0116,101.82,
2026-05-08,266.15,-0.507,118.0392,103.48,
2026-05-09,697.6,,,,2.74
2026-05-10,521.39,,,,
2026-05-11,321.42,,118.0562,106.11,
2026-05-12,296,,118.5238,111.37,
2026-05-13,237.41,,118.4737,110.28,
2026-05-14,217.04,,118.6696,110.91,
2026-05-15,379.11,-0.508,119.2825,113.96,
2026-05-16,391.84,,,,3
2026-05-17,470.06,,,,
2026-05-18,323.85,,119.0574,116.73,
2026-05-19,402.88,,119.451,114.64,
2026-05-20,424.08,,119.1624,108.93,
2026-05-21,226.92,,119.369,105.84,
2026-05-22,306.79,-0.507,119.2868,106.9,
2026-05-23,230.67,,,,3.03
2026-05-24,375.49,,,,
2026-05-25,317.79,,,,
2026-05-26,187.99,,119.1696,102.75,
2026-05-27,325.98,,119.1829,97.11,
2026-05-28,279.84,,119.0318,95.47,
2026-05-29,350.79,-0.505,118.8783,92.88,
2026-05-30,215.37,,,,3.22
2026-05-31,388.99,,,,
2026-06-01,235.53,,119.1653,98.29,
2026-06-02,221.74,,119.0359,98.49,
2026-06-03,458.38,,119.3848,101.69,
2026-06-04,363.49,,119.3615,98.98,
2026-06-05,229.74,-0.505,120.0831,97.29,
2026-06-06,358.2,,,,2.9
2026-06-07,338.37,,,,
2026-06-08,378.26,,120.034,97.46,
2026-06-09,277,,119.9617,94.15,
2026-06-10,186.33,,119.9134,95.73,
2026-06-11,257.2,,120.1174,92.84,
2026-06-12,221.33,-0.505,119.5073,88.64,
2026-06-13,227.33,,,,3.11
2026-06-14,282.01,,,,
2026-06-15,378.31,,119.3158,84.36,
2026-06-16,491.42,,119.256,80.5,
2026-06-17,333.6,,119.3871,80.33,
2026-06-18,424.73,,120.3958,79.35,
2026-06-19,558.3,-0.507,,80.46,
2026-06-20,372.65,,,,2.57
2026-06-21,507.35,,,,
2026-06-22,372,,120.5463,76.49,
2026-06-23,399.9,,121.0552,75.69,
2026-06-24,463.97,,121.412,72.09,
2026-06-25,273.74,,121.0559,73.74,
2026-06-26,252.68,-0.511,120.8866,70.16,
2026-06-27,287.41,,,,2.55
2026-06-28,954.32,,,,
2026-06-29,206.62,,120.9525,71.59,
2026-06-30,333.2,,120.9248,70.46,
2026-07-01,208.64,,121.1455,69.24,
2026-07-02,172.97,,120.6902,68.53,
2026-07-03,166.01,-0.516,,68.68,
2026-07-04,332.25,,,,3.12
2026-07-05,301.16,,,,
2026-07-06,243.91,,120.835,69.56,
2026-07-07,254.48,,120.8145,71.78,
2026-07-08,190.07,,121.1307,76.5,
2026-07-09,282.56,,120.753,74.46,
2026-07-10,229.17,-0.522,120.5046,74.34,
2026-07-11,266.23,,,,2.6
2026-07-12,326.25,,,,
2026-07-13,224.45,,120.7413,81.62,
2026-07-14,300.42,,120.4728,83.69,
2026-07-15,294.46,,120.3088,83.08,
2026-07-16,283.91,,120.331,81.23,
2026-07-17,371.07,-0.527,120.5315,85.01,
2026-07-18,487.27,,,,2.87
2026-07-19,196.77,,,,
2026-07-20,379.81,,120.5401,86.99,
2026-07-21,362.66,,120.5779,93.85,
2026-07-22,155.14,,120.5736,94.12,
2026-07-23,194.17,,120.9075,105.32,
2026-07-24,724.33,-0.533,120.7105,100.31,
2026-07-25,289.96,,,,2.42
2026-07-26,243.31,,,,
2026-07-27,325.48,,120.7739,91.82,
2026-07-28,270.32,,120.6247,85.51,
2026-07-29,234.76,,120.7892,91.95,
2026-07-30,338.08,,119.6753,91.91,
2026-07-31,251.66,-0.537,119.7034,96.95,
2026-08-01,218.95,,,,2.71
2026-08-02,358.41,,,,
2026-08-03,186.26,,119.6951,88.9,
2026-08-04,386.22,,119.5977,86.47,
2026-08-05,307.92,,119.3881,86.65,
2026-08-06,262.24,,119.5113,89.65,
2026-08-07,332.13,-0.542,119.0649,87.62,
2026-08-08,134.74,,,,2.7
2026-08-09,331.67,,,,
2026-08-10,287.04,,119.1187,92.74,
2026-08-11,214.16,,119.179,93.26,
2026-08-12,289.85,,119.1179,92.52,
2026-08-13,193.83,,119.1848,92.03,
2026-08-14,216.4,-0.547,118.9028,92.02,
2026-08-15,173.09,,,,2.59
2026-08-16,305.67,,,,
2026-08-17,154,,118.814,92.43,
2026-08-18,211.22,,118.9831,95.29,
2026-08-19,132.93,,118.3328,92.37,
2026-08-20,222.5,,118.2548,94,
2026-08-21,153.01,-0.551,118.0628,96.92,
2026-08-22,173.77,,,,2.84
2026-08-23,257.1,,,,
2026-08-24,344.33,,118.3195,92.71,
2026-08-25,171.99,,118.2283,88.24,
2026-08-26,265.59,,118.4461,87.77,
2026-08-27,167.01,,118.3583,90.18,
2026-08-28,179.99,-0.555,118.7479,89.75,
2026-08-29,102.72,,,,3.03
2026-08-30,260.33,,,,
2026-08-31,267.17,,118.5679,,
2026-09-01,196.59,,118.6568,96.02,
2026-09-02,240.74,,118.5296,97.59,
2026-09-03,245.93,,118.127,100.52,
2026-09-04,198.94,-0.558,118.0732,102.24,
2026-09-05,634.73,,,,3.73
2026-09-06,698.04,,,,
2026-09-07,453.77,,,104.47,
2026-09-08,250.27,,117.9127,106.12,
2026-09-09,268.26,,117.8834,109.51,
2026-09-10,468.59,,118.0787,120.98,
2026-09-11,488.09,-0.56,118.2126,118.06,
2026-09-12,218.62,,,,3.07
2026-09-13,419.92,,,,
2026-09-14,196.58,,118.6923,121.25,
2026-09-15,245.04,,118.8822,130.8,
2026-09-16,176.32,,118.9206,,
2026-09-17,356.07,,119.3489,,
2026-09-18,245.32,,119.5133,,
2026-09-19,159.22,,,,
2026-09-20,202.77,,,,
