as_of_date,asset_id,support_name,allocation_pct,reference_value_eur,source_basis
2026-09-24,ALTAPROFITS:FONDS-EN-EURO-NETISSIMA,FONDS EN EURO NETISSIMA,57.007449,184642.87,07-09 reference value adjusted by 24-09 arbitration cash flow
2026-09-24,LU1598757687,ARCELORMITTAL,5.714559,18509.03,07-09 reference value unchanged by 24-09 arbitration
2026-09-24,FR0010380675,LAZARD ACTIONS EMERGENTES R,1.664447,5391.02,07-09 reference value unchanged by 24-09 arbitration
2026-09-24,LU1829221024,AMUNDI NASDAQ-100 II UCITS ETF ACC,1.272388,4121.17,07-09 reference value unchanged by 24-09 arbitration
2026-09-24,LU1829219390,AMUNDI EURO STOXX BANKS UCITS ETF ACC,5.134907,16631.58,07-09 reference value unchanged by 24-09 arbitration
2026-09-24,LU3038520774,AMUNDI STOXX EUROPE DEFENSE UCITS ETF,0.006095,19.74,07-09 reference value less exact 24-09 sale amount; residual is bookkeeping only until exact post-arbitrage holding is confirmed
2026-09-24,DE000A0F5UK5,ISHARES STOXX EUROPE 600 BASIC RESOURCES UCITS ETF (DE),3.945244,12778.35,07-09 reference value unchanged by 24-09 arbitration
2026-09-24,LU0533033667,AMUNDI MSCI WORLD INFORMATION TECHNOLOGY UCITS ETF EUR ACC,2.546169,8246.85,07-09 reference value unchanged by 24-09 arbitration
2026-09-24,IE00B6R52143,ISHARES AGRIBUSINESS UCITS ETF,0.100314,324.91,07-09 reference value less exact 24-09 sale amount; residual is bookkeeping only until exact post-arbitrage holding is confirmed
2026-09-24,IE00BYZK4552,ISHARES AUTOMATION & ROBOTICS UCITS ETF,2.253945,7300.36,07-09 reference value unchanged by 24-09 arbitration
2026-09-24,IE000I8KRLL9,ISHARES MSCI GLOBAL SEMICONDUCTORS UCITS ETF,8.775019,28421.63,07-09 reference value unchanged by 24-09 arbitration
2026-09-24,IE00BM67HK77,XTRACKERS MSCI WORLD HEALTH CARE UCITS ETF,4.597358,14890.50,07-09 reference value unchanged by 24-09 arbitration
2026-09-24,IE00BMG6Z448,ISHARES MSCI EM EX-CHINA UCITS ETF,1.447252,4687.54,07-09 reference value unchanged by 24-09 arbitration
2026-09-24,DE000A0Q4R85,ISHARES MSCI BRAZIL UCITS ETF (DE),1.843105,5969.68,exact 24-09 arbitration reinvestment amount
2026-09-24,IE00BJZ2DD79,XTRACKERS RUSSELL 2000 UCITS ETF,1.843105,5969.68,exact 24-09 arbitration reinvestment amount
2026-09-24,IE00BL25JM42,XTRACKERS MSCI WORLD VALUE UCITS ETF,1.848644,5987.62,exact 24-09 arbitration reinvestment amount
