date,baseline,value_eur,coverage_pct,fund_euro_return_status,valuation_status
2026-09-09,100.0,323892.53,100.0,held_at_initial_value_pending_credit,consolidated
2026-09-10,99.42921862993691,322043.81,100.0,held_at_initial_value_pending_credit,consolidated
2026-09-11,99.70536012069059,322938.21,100.0,held_at_initial_value_pending_credit,consolidated
2026-09-14,98.86001700094775,320200.21,100.0,held_at_initial_value_pending_credit,consolidated
2026-09-15,98.82102152867188,320073.91,100.0,held_at_initial_value_pending_credit,consolidated
2026-09-16,99.3843145231346,321898.37,100.0,held_at_initial_value_pending_credit,consolidated
2026-09-17,99.85144706432499,323411.38,100.0,held_at_initial_value_pending_credit,consolidated
2026-09-18,99.52186295005235,322343.88,100.0,held_at_initial_value_pending_credit,consolidated
2026-09-21,100.3170835684164,324919.54,100.0,held_at_initial_value_pending_credit,consolidated
2026-09-22,100.64672538967365,325987.23,100.0,held_at_initial_value_pending_credit,consolidated
2026-09-23,100.56416604290482,325719.82,100.0,held_at_initial_value_pending_credit,consolidated
2026-09-24,100.06225656816576,324094.17,100.0,held_at_initial_value_pending_credit,consolidated
2026-09-25,100.44274095749427,325326.53,100.0,held_at_initial_value_pending_credit,consolidated
2026-09-28,100.04436775330659,324036.23,100.0,held_at_initial_value_pending_credit,consolidated
2026-09-29,100.19426788610657,324521.75,100.0,held_at_initial_value_pending_credit,consolidated
2026-09-30,100.19221372530511,324515.1,100.0,held_at_initial_value_pending_credit,consolidated
2026-10-01,99.51828754740389,322332.3,100.0,held_at_initial_value_pending_credit,consolidated
2026-10-02,100.32876387940529,324957.37,100.0,held_at_initial_value_pending_credit,consolidated
2026-10-05,100.60591704584223,325855.05,100.0,held_at_initial_value_pending_credit,consolidated
2026-10-06,100.92564550916339,326890.63,100.0,held_at_initial_value_pending_credit,consolidated
2026-10-07,100.0660474658585,324106.45,100.0,held_at_initial_value_pending_credit,consolidated
